Name,Attendance,Attendance Percentage
Alice,25,83.33333333333334
Bob,28,93.33333333333333
Charlie,20,66.66666666666666
